date,open,high,low,close,volume,openinterest
2026-04-27 17:00:00,76618.59,76990.43,76618.59,76743.24,874.80558,0
2026-04-27 18:00:00,76743.23,76890.99,76668.52,76834.06,361.97331,0
2026-04-27 19:00:00,76834.05,76894.7,76459.64,76878.07,598.68003,0
2026-04-27 20:00:00,76878.23,77067.8,76844.16,76960.43,310.80766,0
2026-04-27 21:00:00,76960.43,76981.53,76786.8,76786.81,223.94467,0
2026-04-27 22:00:00,76786.81,77082.78,76763.71,77066.42,364.86359,0
2026-04-27 23:00:00,77066.42,77450.0,77018.56,77371.32,438.27302,0
2026-04-28 00:00:00,77371.32,77478.0,77210.92,77379.62,327.26244,0
2026-04-28 01:00:00,77379.62,77394.1,77038.1,77084.68,404.77602,0
2026-04-28 02:00:00,77084.69,77227.03,76672.56,76890.93,437.7548,0
2026-04-28 03:00:00,76890.92,76890.92,76672.0,76815.18,278.47081,0
2026-04-28 04:00:00,76815.18,76950.0,76701.35,76888.08,274.86374,0
2026-04-28 05:00:00,76888.08,77154.0,76811.01,76885.98,510.80129,0
2026-04-28 06:00:00,76885.97,77027.91,76588.0,76720.0,465.05641,0
2026-04-28 07:00:00,76720.01,76922.22,76424.9,76879.28,1631.99051,0
2026-04-28 08:00:00,76879.28,77013.63,76741.12,76858.59,1043.07562,0
2026-04-28 09:00:00,76858.59,76863.54,76495.91,76598.0,361.69239,0
2026-04-28 10:00:00,76597.99,76692.19,76484.7,76618.35,418.24563,0
2026-04-28 11:00:00,76618.35,76649.86,76130.1,76229.0,1019.71842,0
2026-04-28 12:00:00,76228.99,76421.94,76168.84,76372.05,652.01316,0
2026-04-28 13:00:00,76372.04,76411.72,75924.98,76189.84,1288.525,0
2026-04-28 14:00:00,76189.85,76199.99,75666.6,75949.99,1264.2758,0
2026-04-28 15:00:00,75950.0,76085.42,75836.88,76066.38,571.95819,0
2026-04-28 16:00:00,76066.37,76218.06,75881.28,76125.04,447.54534,0
2026-04-28 17:00:00,76125.04,76262.63,75959.05,76187.3,337.12149,0
2026-04-28 18:00:00,76187.3,76280.91,76137.86,76242.18,337.48355,0
2026-04-28 19:00:00,76242.17,76380.83,76066.35,76330.97,259.65416,0
2026-04-28 20:00:00,76330.97,76480.0,76323.71,76463.95,259.71578,0
2026-04-28 21:00:00,76463.95,76481.3,76267.61,76357.15,281.17357,0
2026-04-28 22:00:00,76357.15,76446.26,76218.0,76242.17,157.60986,0
2026-04-28 23:00:00,76242.17,76370.0,76197.02,76342.77,179.93985,0
2026-04-29 00:00:00,76342.78,76557.97,76276.0,76512.0,636.88517,0
2026-04-29 01:00:00,76511.99,76668.02,76187.75,76571.0,371.48818,0
2026-04-29 02:00:00,76571.0,76666.82,76402.72,76531.29,315.29662,0
2026-04-29 03:00:00,76531.29,77127.62,76519.94,76994.78,568.25927,0
2026-04-29 04:00:00,76994.77,77455.71,76880.0,77269.76,655.24397,0
2026-04-29 05:00:00,77269.76,77329.31,77198.07,77288.38,412.95649,0
2026-04-29 06:00:00,77288.39,77337.57,76907.07,77031.06,974.38933,0
2026-04-29 07:00:00,77031.07,77182.91,77031.06,77053.64,931.98531,0
2026-04-29 08:00:00,77053.65,77148.79,76972.32,77046.32,539.09721,0
2026-04-29 09:00:00,77046.31,77800.0,76972.32,77642.0,835.54071,0
2026-04-29 10:00:00,77642.0,77904.93,77559.19,77619.61,790.81622,0
2026-04-29 11:00:00,77619.62,77694.61,77485.81,77590.03,531.7514,0
2026-04-29 12:00:00,77590.04,77596.39,76850.0,77143.68,1776.35149,0
2026-04-29 13:00:00,77143.68,77240.0,76425.62,76783.43,1000.6949,0
2026-04-29 14:00:00,76783.42,76927.69,76489.99,76570.0,1353.72071,0
2026-04-29 15:00:00,76570.0,76634.61,75705.32,75924.25,1132.75734,0
2026-04-29 16:00:00,75924.24,76125.47,75696.13,75803.54,1021.10079,0
2026-04-29 17:00:00,75803.55,76184.01,75803.55,76184.01,549.93434,0
2026-04-29 18:00:00,76184.0,76274.8,74937.52,75513.91,1926.88309,0
2026-04-29 19:00:00,75513.92,75591.83,75302.31,75563.86,464.5754,0
2026-04-29 20:00:00,75563.87,75857.32,75497.43,75676.79,575.31173,0
2026-04-29 21:00:00,75676.79,76088.9,75607.7,75933.93,363.06477,0
2026-04-29 22:00:00,75933.94,76004.14,75818.14,75927.38,272.33397,0
2026-04-29 23:00:00,75927.38,75990.06,75692.33,75780.0,279.49181,0
2026-04-30 00:00:00,75780.0,76344.61,75656.03,76248.74,562.71461,0
2026-04-30 01:00:00,76248.76,76473.26,76178.73,76232.8,331.53653,0
2026-04-30 02:00:00,76232.81,76351.04,75494.7,75704.74,537.06765,0
2026-04-30 03:00:00,75704.74,75994.26,75659.85,75928.1,182.12647,0
2026-04-30 04:00:00,75928.09,75963.92,75414.57,75497.0,426.96926,0
2026-04-30 05:00:00,75497.01,75750.0,75323.65,75600.09,491.70915,0
2026-04-30 06:00:00,75600.09,75867.9,75569.99,75753.53,372.15072,0
2026-04-30 07:00:00,75753.54,76179.91,75718.5,76161.67,516.75183,0
2026-04-30 08:00:00,76161.67,76208.92,76019.57,76058.17,350.94571,0
2026-04-30 09:00:00,76058.17,76339.38,76012.6,76097.19,445.01057,0
2026-04-30 10:00:00,76097.19,76163.52,75974.93,76028.66,365.18719,0
2026-04-30 11:00:00,76028.66,76244.36,75876.29,76059.43,550.88667,0
2026-04-30 12:00:00,76059.42,76511.22,76042.75,76308.48,1520.57994,0
2026-04-30 13:00:00,76308.48,76669.14,76116.2,76420.44,927.16622,0
2026-04-30 14:00:00,76420.45,76597.51,76093.81,76301.24,683.75312,0
2026-04-30 15:00:00,76301.25,76653.6,76163.16,76473.6,374.70038,0
2026-04-30 16:00:00,76473.6,76484.6,76228.27,76261.03,165.45041,0
2026-04-30 17:00:00,76261.04,76328.71,76111.0,76250.01,273.82279,0
2026-04-30 18:00:00,76250.0,76468.84,76204.4,76350.0,184.15567,0
2026-04-30 19:00:00,76350.0,76514.8,76308.33,76412.8,307.53776,0
2026-04-30 20:00:00,76412.8,76568.9,76318.31,76492.46,287.06721,0
2026-04-30 21:00:00,76492.45,76535.42,76240.78,76241.78,183.08169,0
2026-04-30 22:00:00,76241.77,76449.16,76206.02,76237.06,158.56535,0
2026-04-30 23:00:00,76237.07,76380.2,76217.96,76346.57,182.87917,0
2026-05-01 00:00:00,76346.58,76591.0,76320.42,76458.05,502.88844,0
2026-05-01 01:00:00,76458.06,76776.21,76449.5,76686.13,486.84554,0
2026-05-01 02:00:00,76686.12,76744.6,76533.74,76592.54,204.45438,0
2026-05-01 03:00:00,76592.54,77453.74,76555.06,77131.08,1056.19913,0
2026-05-01 04:00:00,77131.08,77206.38,76653.6,77042.44,995.75921,0
2026-05-01 05:00:00,77042.44,77184.96,77033.91,77165.98,283.75111,0
2026-05-01 06:00:00,77165.99,77179.53,76882.0,76993.48,439.15205,0
2026-05-01 07:00:00,76993.49,77140.36,76957.04,77130.54,633.7325,0
2026-05-01 08:00:00,77130.54,77500.0,77048.0,77377.47,697.73561,0
2026-05-01 09:00:00,77377.48,77391.99,77200.15,77268.55,355.16559,0
2026-05-01 10:00:00,77268.56,77433.72,77146.48,77304.34,330.99244,0
2026-05-01 11:00:00,77303.8,77600.0,77263.66,77463.98,584.3796,0
2026-05-01 12:00:00,77463.98,78170.2,77408.73,77896.01,1392.97654,0
2026-05-01 13:00:00,77896.01,78914.12,77896.0,78737.25,2354.33999,0
2026-05-01 14:00:00,78737.26,78871.8,78051.86,78358.75,1970.70152,0
2026-05-01 15:00:00,78358.74,78735.92,78176.06,78445.89,1013.17746,0
2026-05-01 16:00:00,78445.88,78683.23,78167.53,78214.36,704.68666,0
2026-05-01 17:00:00,78214.36,78584.61,78131.02,78552.94,489.31938,0
2026-05-01 18:00:00,78552.93,78623.37,78375.53,78423.9,487.76487,0
2026-05-01 19:00:00,78423.91,78540.0,78313.16,78360.0,512.65483,0
2026-05-01 20:00:00,78360.01,78422.81,77752.0,77880.18,827.52759,0
2026-05-01 21:00:00,77880.18,78200.0,77857.97,78199.99,485.72824,0
2026-05-01 22:00:00,78200.0,78411.13,78144.7,78153.38,331.97786,0
2026-05-01 23:00:00,78153.37,78249.6,78043.28,78231.13,173.55448,0
2026-05-02 00:00:00,78231.13,78393.39,78166.48,78341.75,211.29374,0
2026-05-02 01:00:00,78341.75,78441.31,78294.19,78355.0,400.98852,0
2026-05-02 02:00:00,78355.0,78513.7,78260.95,78353.93,283.69022,0
2026-05-02 03:00:00,78353.93,78514.82,78237.25,78400.0,300.16391,0
2026-05-02 04:00:00,78399.99,78448.99,78123.53,78175.5,411.85061,0
2026-05-02 05:00:00,78175.5,78235.25,78040.0,78174.0,526.60294,0
2026-05-02 06:00:00,78174.0,78363.21,78148.24,78327.8,366.5645,0
2026-05-02 07:00:00,78327.8,78342.18,78207.2,78220.0,170.02066,0
2026-05-02 08:00:00,78220.0,78356.51,78165.3,78315.37,204.83037,0
2026-05-02 09:00:00,78315.36,78394.0,78220.0,78293.57,257.64077,0
2026-05-02 10:00:00,78293.57,78311.97,78225.22,78249.3,136.41815,0
2026-05-02 11:00:00,78249.31,78249.31,78094.43,78143.08,269.24301,0
2026-05-02 12:00:00,78143.09,78262.37,78108.41,78211.24,182.77682,0
2026-05-02 13:00:00,78211.24,78423.85,78211.24,78367.06,227.00487,0
2026-05-02 14:00:00,78367.06,78484.42,78309.84,78423.98,190.15931,0
2026-05-02 15:00:00,78423.98,78487.68,78365.96,78487.67,126.14054,0
2026-05-02 16:00:00,78487.67,78596.61,78430.07,78455.02,194.42514,0
2026-05-02 17:00:00,78455.02,78485.53,78368.24,78398.02,213.39843,0
2026-05-02 18:00:00,78398.03,78493.31,78310.54,78466.62,118.15969,0
2026-05-02 19:00:00,78466.63,78521.68,78440.11,78486.0,182.05466,0
2026-05-02 20:00:00,78486.23,78491.26,78418.32,78451.38,61.92886,0
2026-05-02 21:00:00,78451.37,79199.48,78439.51,78719.78,734.53837,0
2026-05-02 22:00:00,78719.78,78872.39,78610.46,78832.98,266.49012,0
2026-05-02 23:00:00,78832.98,78832.98,78631.9,78686.85,114.49221,0
2026-05-03 00:00:00,78686.84,78754.55,78490.61,78542.32,233.96416,0
2026-05-03 01:00:00,78542.33,78542.33,78152.25,78240.83,391.01401,0
2026-05-03 02:00:00,78240.84,78309.09,78108.75,78171.85,222.42918,0
2026-05-03 03:00:00,78171.86,78217.59,78109.94,78203.08,200.3559,0
2026-05-03 04:00:00,78203.07,78236.45,78120.0,78163.19,89.71363,0
2026-05-03 05:00:00,78163.19,78260.75,78163.17,78249.42,98.09285,0
2026-05-03 06:00:00,78249.41,78337.26,78084.08,78288.3,306.94233,0
2026-05-03 07:00:00,78288.3,78483.67,78288.29,78363.25,299.42086,0
2026-05-03 08:00:00,78363.24,78505.92,78363.24,78387.86,102.01693,0
2026-05-03 09:00:00,78387.87,78604.67,78354.53,78529.57,293.1321,0
2026-05-03 10:00:00,78529.57,78534.4,78406.97,78408.01,140.79481,0
2026-05-03 11:00:00,78408.01,78849.22,78380.0,78656.01,412.8313,0
2026-05-03 12:00:00,78656.01,78878.77,78656.0,78747.09,294.28187,0
2026-05-03 13:00:00,78747.09,78769.63,78586.99,78670.01,196.40341,0
2026-05-03 14:00:00,78670.01,78786.57,78608.7,78741.0,409.96615,0
2026-05-03 15:00:00,78741.0,78815.19,78633.4,78668.36,237.20487,0
2026-05-03 16:00:00,78668.36,78784.56,78600.0,78654.0,167.53902,0
2026-05-03 17:00:00,78654.01,78822.83,78558.65,78725.76,357.9255,0
2026-05-03 18:00:00,78725.76,78763.57,78631.61,78739.67,138.18974,0
2026-05-03 19:00:00,78739.68,78853.32,78676.67,78760.32,252.60944,0
2026-05-03 20:00:00,78760.32,79268.0,78732.04,78915.99,645.7979,0
2026-05-03 21:00:00,78915.99,79056.59,78650.0,78831.59,357.48617,0
2026-05-03 22:00:00,78831.6,79447.0,78831.6,79177.29,934.95879,0
2026-05-03 23:00:00,79177.29,79287.82,78484.42,78568.57,642.72198,0
2026-05-04 00:00:00,78568.58,78572.57,78288.88,78547.14,434.86007,0
2026-05-04 01:00:00,78547.15,79848.84,78412.49,79769.43,1366.42153,0
2026-05-04 02:00:00,79769.43,80420.9,79540.05,80173.3,2278.14954,0
2026-05-04 03:00:00,80173.3,80458.0,79926.9,80316.31,1012.18218,0
2026-05-04 04:00:00,80316.3,80635.51,80233.04,80332.06,1362.02834,0
2026-05-04 05:00:00,80332.06,80395.96,79956.25,80027.26,746.81318,0
2026-05-04 06:00:00,80027.26,80048.64,79500.0,79877.9,1103.73906,0
2026-05-04 07:00:00,79877.91,79946.33,79672.0,79696.75,419.83178,0
2026-05-04 08:00:00,79696.75,79800.0,79602.32,79708.3,435.36516,0
2026-05-04 09:00:00,79708.3,79930.0,79647.87,79838.48,473.40316,0
2026-05-04 10:00:00,79838.49,79880.0,78202.0,78940.26,4380.72428,0
2026-05-04 11:00:00,78940.27,79124.83,78708.87,78793.67,699.54546,0
2026-05-04 12:00:00,78793.67,79020.0,78718.55,78857.18,426.01688,0
2026-05-04 13:00:00,78857.18,79124.83,78581.74,78790.0,725.07004,0
2026-05-04 14:00:00,78790.01,80545.17,78500.0,80216.16,2308.42012,0
2026-05-04 15:00:00,80216.15,80367.93,79320.28,80028.85,2458.63305,0
2026-05-04 16:00:00,80028.85,80395.68,79619.33,80025.03,1492.78417,0
2026-05-04 17:00:00,80025.03,80776.99,80021.5,80390.81,1080.11249,0
2026-05-04 18:00:00,80390.8,80439.18,80035.32,80114.91,663.99913,0
2026-05-04 19:00:00,80114.91,80138.0,79900.0,80053.31,505.59924,0
2026-05-04 20:00:00,80053.31,80154.12,79901.0,79936.7,459.51864,0
2026-05-04 21:00:00,79936.7,80383.15,79936.7,80259.17,343.30642,0
2026-05-04 22:00:00,80259.18,80397.19,80042.84,80067.23,272.35375,0
2026-05-04 23:00:00,80067.22,80067.22,79744.91,79861.01,594.08368,0
2026-05-05 00:00:00,79861.01,80183.33,79808.72,80170.66,425.73287,0
2026-05-05 01:00:00,80170.66,80385.06,80080.76,80352.0,530.02962,0
2026-05-05 02:00:00,80351.99,80900.0,80300.0,80554.68,768.44478,0
2026-05-05 03:00:00,80554.69,81083.98,80457.93,80893.08,677.93372,0
2026-05-05 04:00:00,80893.08,80982.59,80725.0,80902.44,528.94138,0
2026-05-05 05:00:00,80902.44,81323.52,80830.06,80970.0,1011.38606,0
2026-05-05 06:00:00,80969.99,81016.42,80800.0,80976.0,389.83367,0
2026-05-05 07:00:00,80976.0,81136.59,80826.0,80855.59,1044.4323,0
2026-05-05 08:00:00,80855.59,80895.5,80723.2,80815.24,474.4579,0
2026-05-05 09:00:00,80815.24,80815.24,80527.76,80586.02,865.34761,0
2026-05-05 10:00:00,80586.02,80831.87,80530.82,80823.61,521.10422,0
2026-05-05 11:00:00,80823.61,81095.48,80780.0,81014.05,623.66253,0
2026-05-05 12:00:00,81014.05,81329.61,80932.54,81279.41,607.82057,0
2026-05-05 13:00:00,81279.4,81712.32,81196.0,81330.0,1771.4169,0
2026-05-05 14:00:00,81330.0,81500.0,80939.87,81336.59,1282.91373,0
2026-05-05 15:00:00,81336.59,81689.2,81235.0,81525.19,899.04049,0
2026-05-05 16:00:00,81525.19,81615.33,81050.04,81285.75,707.45267,0
2026-05-05 17:00:00,81285.75,81458.26,81185.02,81270.6,280.80669,0
2026-05-05 18:00:00,81270.61,81599.0,81270.61,81515.0,427.56223,0
2026-05-05 19:00:00,81515.0,81680.0,81407.58,81606.35,364.63717,0
2026-05-05 20:00:00,81606.35,81770.0,81510.13,81646.38,724.67261,0
2026-05-05 21:00:00,81646.39,81791.48,81305.27,81407.11,618.58873,0
2026-05-05 22:00:00,81407.11,81600.0,80817.72,81111.27,921.88572,0
2026-05-05 23:00:00,81111.27,81222.03,80790.0,80905.52,479.07578,0
2026-05-06 00:00:00,80905.53,81262.28,80731.14,81030.01,876.19915,0
2026-05-06 01:00:00,81030.0,81534.23,80996.0,81439.34,803.82574,0
2026-05-06 02:00:00,81439.34,81449.04,81047.01,81363.54,621.19491,0
2026-05-06 03:00:00,81363.54,81760.84,81358.17,81581.69,710.52364,0
2026-05-06 04:00:00,81581.7,81649.99,81270.0,81331.1,575.6413,0
2026-05-06 05:00:00,81331.1,81360.3,81060.0,81333.0,592.1865,0
2026-05-06 06:00:00,81333.0,81516.9,81211.34,81476.71,524.1354,0
2026-05-06 07:00:00,81476.71,81611.0,81307.81,81359.82,608.74333,0
2026-05-06 08:00:00,81359.82,81986.0,81328.68,81945.66,1353.41416,0
2026-05-06 09:00:00,81945.66,82060.0,81682.7,81997.0,1096.7335,0
2026-05-06 10:00:00,81997.0,82390.0,81953.25,82290.04,1302.85091,0
2026-05-06 11:00:00,82290.03,82850.0,82261.6,82522.89,1435.93329,0
2026-05-06 12:00:00,82522.88,82539.33,82164.61,82220.47,820.9281,0
2026-05-06 13:00:00,82220.47,82220.47,81600.0,81670.89,1247.90169,0
2026-05-06 14:00:00,81670.9,81980.72,81136.0,81526.73,1615.07708,0
2026-05-06 15:00:00,81526.74,81823.0,81316.28,81704.25,824.75333,0
2026-05-06 16:00:00,81704.25,81907.51,81431.16,81630.94,983.55485,0
2026-05-06 17:00:00,81630.94,81709.32,81394.0,81452.63,417.39237,0
2026-05-06 18:00:00,81452.63,81559.17,81271.06,81353.14,451.84587,0
2026-05-06 19:00:00,81353.15,81522.41,81200.0,81464.87,517.12437,0
2026-05-06 20:00:00,81464.86,81700.0,81302.35,81427.52,436.46876,0
2026-05-06 21:00:00,81427.52,81618.77,81294.64,81539.16,310.38464,0
2026-05-06 22:00:00,81539.16,81540.91,81240.0,81342.39,229.58883,0
2026-05-06 23:00:00,81342.39,81447.3,81000.0,81447.01,442.37224,0
2026-05-07 00:00:00,81447.01,81490.03,80980.0,81016.96,407.52958,0
2026-05-07 01:00:00,81016.96,81284.67,80830.23,81167.8,565.39571,0
2026-05-07 02:00:00,81167.79,81180.74,80883.54,81113.34,749.95215,0
2026-05-07 03:00:00,81113.35,81113.35,80834.61,80834.91,345.29566,0
2026-05-07 04:00:00,80834.92,80989.59,80725.09,80979.19,387.82747,0
2026-05-07 05:00:00,80979.19,81172.27,80974.06,81088.0,355.34634,0
2026-05-07 06:00:00,81088.0,81443.21,80874.41,81438.61,613.68575,0
2026-05-07 07:00:00,81438.62,81708.32,81390.3,81518.58,681.98013,0
2026-05-07 08:00:00,81518.57,81590.0,81194.74,81231.24,647.38206,0
2026-05-07 09:00:00,81231.25,81231.25,80852.33,80929.0,659.04219,0
2026-05-07 10:00:00,80929.0,80997.0,80572.4,80850.75,690.56353,0
2026-05-07 11:00:00,80850.76,81041.15,80786.5,80866.65,367.10915,0
2026-05-07 12:00:00,80866.65,81180.0,80846.87,81162.01,429.19223,0
2026-05-07 13:00:00,81162.0,81162.01,80260.98,80503.68,1211.56578,0
2026-05-07 14:00:00,80503.69,80685.7,80046.0,80171.38,1538.09475,0
2026-05-07 15:00:00,80171.37,80271.42,79699.52,79890.63,1647.8103,0
2026-05-07 16:00:00,79890.0,80020.0,79646.79,79801.08,1424.92395,0
2026-05-07 17:00:00,79801.08,80135.17,79500.0,80094.52,919.74045,0
2026-05-07 18:00:00,80094.52,80269.06,80004.4,80200.59,527.27769,0
2026-05-07 19:00:00,80200.6,80224.0,79934.3,80146.11,443.20216,0
2026-05-07 20:00:00,80146.77,80371.23,79859.51,79879.99,400.51449,0
2026-05-07 21:00:00,79880.0,79934.92,79660.0,79735.01,401.75461,0
2026-05-07 22:00:00,79735.0,79990.0,79582.95,79919.01,495.14556,0
2026-05-07 23:00:00,79919.0,80068.03,79871.98,80006.0,244.47169,0
2026-05-08 00:00:00,80006.0,80142.84,79729.72,79831.99,958.06006,0
2026-05-08 01:00:00,79831.98,79900.11,79612.63,79740.01,539.33838,0
2026-05-08 02:00:00,79740.01,79761.61,79316.99,79488.46,1066.54641,0
2026-05-08 03:00:00,79488.47,79666.66,79181.48,79578.85,529.79179,0
2026-05-08 04:00:00,79578.84,79748.0,79551.26,79655.23,317.73705,0
2026-05-08 05:00:00,79655.22,79778.95,79600.0,79600.01,307.79364,0
2026-05-08 06:00:00,79600.01,79654.0,79411.0,79525.76,792.09671,0
2026-05-08 07:00:00,79525.77,79727.0,79248.58,79682.4,992.93778,0
2026-05-08 08:00:00,79682.4,79987.27,79666.05,79886.01,628.59636,0
2026-05-08 09:00:00,79886.0,80061.17,79794.88,79872.72,481.81051,0
2026-05-08 10:00:00,79872.72,80278.92,79788.01,80212.56,650.80764,0
2026-05-08 11:00:00,80212.55,80340.94,80127.54,80231.22,586.98252,0
2026-05-08 12:00:00,80231.22,80500.0,79966.14,80025.82,831.54339,0
2026-05-08 13:00:00,80025.81,80095.99,79549.54,79647.8,1091.58342,0
2026-05-08 14:00:00,79647.81,80441.79,79647.8,80150.97,1005.3745,0
2026-05-08 15:00:00,80150.97,80200.0,79625.0,80142.14,812.90032,0
2026-05-08 16:00:00,80142.13,80182.18,79741.3,79802.34,665.763,0
2026-05-08 17:00:00,79802.35,80261.87,79738.75,80060.0,1502.98426,0
2026-05-08 18:00:00,80060.0,80299.99,80059.99,80078.4,470.37331,0
2026-05-08 19:00:00,80078.39,80181.66,79954.54,80179.94,408.77976,0
2026-05-08 20:00:00,80180.0,80299.93,80089.76,80133.09,330.63666,0
2026-05-08 21:00:00,80133.08,80264.0,80116.32,80263.99,269.62208,0
2026-05-08 22:00:00,80264.0,80409.09,80238.42,80262.0,318.15524,0
2026-05-08 23:00:00,80262.0,80299.27,80111.02,80193.17,441.0953,0
2026-05-09 00:00:00,80193.18,80240.87,80129.85,80238.76,206.53644,0
2026-05-09 01:00:00,80238.75,80446.58,80217.46,80327.75,266.81337,0
2026-05-09 02:00:00,80327.75,80477.47,80327.75,80417.87,231.63268,0
2026-05-09 03:00:00,80417.88,80550.67,80307.76,80383.95,388.12699,0
2026-05-09 04:00:00,80383.96,80666.66,80373.55,80379.9,404.43634,0
2026-05-09 05:00:00,80379.9,80480.49,80343.0,80379.49,360.73513,0
2026-05-09 06:00:00,80379.5,80428.01,80201.6,80263.92,270.37474,0
2026-05-09 07:00:00,80263.93,80309.05,80135.0,80228.89,445.94164,0
2026-05-09 08:00:00,80228.88,80452.44,80220.0,80407.12,297.06841,0
2026-05-09 09:00:00,80407.12,80415.83,80214.0,80242.53,211.41081,0
2026-05-09 10:00:00,80242.54,80346.94,80166.26,80264.02,234.54075,0
2026-05-09 11:00:00,80264.01,80366.07,80256.95,80345.46,266.71827,0
2026-05-09 12:00:00,80345.47,80416.21,80274.03,80397.97,357.45715,0
2026-05-09 13:00:00,80397.97,80422.0,80318.7,80391.18,341.73909,0
2026-05-09 14:00:00,80391.18,80426.9,80254.71,80332.22,322.24573,0
2026-05-09 15:00:00,80332.23,80600.0,80234.0,80527.92,418.47876,0
2026-05-09 16:00:00,80527.92,80777.0,80487.4,80625.01,546.55445,0
2026-05-09 17:00:00,80625.0,80928.56,80625.0,80812.7,430.13867,0
2026-05-09 18:00:00,80812.69,81080.0,80787.39,80907.65,339.35386,0
2026-05-09 19:00:00,80907.66,80958.0,80776.99,80938.53,217.80867,0
2026-05-09 20:00:00,80938.53,80938.53,80744.98,80805.5,144.14004,0
2026-05-09 21:00:00,80805.51,80896.0,80744.98,80780.83,149.85415,0
2026-05-09 22:00:00,80780.83,80823.24,80670.01,80782.38,199.54802,0
2026-05-09 23:00:00,80782.38,80850.0,80621.88,80678.4,496.76761,0
2026-05-10 00:00:00,80678.41,80770.51,80610.64,80680.04,346.27712,0
2026-05-10 01:00:00,80680.03,80690.73,80572.77,80685.56,410.62072,0
2026-05-10 02:00:00,80685.55,80790.0,80611.0,80777.42,290.59888,0
2026-05-10 03:00:00,80777.42,80887.15,80709.59,80775.0,284.77121,0
2026-05-10 04:00:00,80774.99,80840.0,80722.78,80759.93,253.45188,0
2026-05-10 05:00:00,80759.93,80816.52,80682.0,80700.77,372.73913,0
2026-05-10 06:00:00,80700.76,80753.04,80658.97,80733.75,211.5502,0
2026-05-10 07:00:00,80733.75,80827.14,80720.1,80736.03,400.67517,0
2026-05-10 08:00:00,80736.03,80909.65,80715.33,80830.33,252.36808,0
2026-05-10 09:00:00,80830.34,80913.8,80756.53,80807.96,237.31778,0
2026-05-10 10:00:00,80807.95,80883.48,80691.0,80873.79,279.49023,0
2026-05-10 11:00:00,80873.8,80975.4,80750.0,80821.21,339.53296,0
2026-05-10 12:00:00,80821.21,80950.0,80784.2,80927.72,235.68491,0
2026-05-10 13:00:00,80927.71,81000.01,80865.44,80971.67,254.25083,0
2026-05-10 14:00:00,80971.66,80999.36,80816.22,80990.11,372.4586,0
2026-05-10 15:00:00,80990.11,81442.81,80936.0,81418.01,780.28503,0
2026-05-10 16:00:00,81418.01,81500.0,81200.0,81378.25,595.22707,0
2026-05-10 17:00:00,81378.25,81583.11,81220.0,81476.18,599.74468,0
2026-05-10 18:00:00,81476.18,81493.11,81231.14,81271.96,268.90805,0
2026-05-10 19:00:00,81271.96,81481.92,81148.0,81437.83,334.34752,0
2026-05-10 20:00:00,81437.83,81459.66,80279.77,80734.88,1021.73969,0
2026-05-10 21:00:00,80734.88,80944.44,80571.97,80720.47,691.73163,0
2026-05-10 22:00:00,80720.47,82171.96,80666.66,82044.49,1804.86462,0
2026-05-10 23:00:00,82044.49,82479.32,82044.49,82210.07,1395.68283,0
2026-05-11 00:00:00,82210.07,82380.0,81280.0,81471.13,1294.00066,0
2026-05-11 01:00:00,81471.13,81744.85,81291.23,81501.72,495.92379,0
2026-05-11 02:00:00,81501.73,81572.4,81117.64,81169.08,491.97068,0
2026-05-11 03:00:00,81169.09,81188.97,80525.0,80736.01,857.95581,0
2026-05-11 04:00:00,80736.0,80879.12,80639.99,80824.61,378.47076,0
2026-05-11 05:00:00,80824.61,80981.8,80761.73,80832.33,423.68877,0
2026-05-11 06:00:00,80832.34,81049.51,80762.0,80822.86,296.00491,0
2026-05-11 07:00:00,80822.86,80840.3,80663.11,80740.4,496.93812,0
2026-05-11 08:00:00,80740.4,80863.42,80621.87,80767.97,463.92135,0
2026-05-11 09:00:00,80767.97,80997.63,80758.3,80966.57,330.83757,0
2026-05-11 10:00:00,80966.58,81200.0,80940.0,80940.0,488.26383,0
2026-05-11 11:00:00,80940.0,81196.95,80900.0,81196.94,356.37085,0
2026-05-11 12:00:00,81196.95,81356.46,81029.77,81054.65,485.8963,0
2026-05-11 13:00:00,81054.65,81332.29,80739.63,81072.0,767.39683,0
2026-05-11 14:00:00,81072.01,81252.72,80462.97,80953.38,767.64104,0
2026-05-11 15:00:00,80953.39,81458.0,80826.02,81445.9,647.30001,0
2026-05-11 16:00:00,81445.89,81910.35,81344.72,81575.85,1113.46844,0
2026-05-11 17:00:00,81575.84,82071.77,81369.42,81941.09,565.28919,0
2026-05-11 18:00:00,81941.09,82137.26,81836.15,81858.96,536.09834,0
2026-05-11 19:00:00,81858.97,82091.11,81739.09,81961.99,458.6097,0
2026-05-11 20:00:00,81961.99,82078.91,81758.5,81821.02,322.40099,0
2026-05-11 21:00:00,81821.03,81906.35,81600.0,81821.18,268.82965,0
2026-05-11 22:00:00,81821.18,81969.99,81729.99,81833.92,366.43361,0
2026-05-11 23:00:00,81833.92,81833.92,81596.31,81745.65,278.04936,0
2026-05-12 00:00:00,81745.66,81788.0,81478.75,81545.2,419.66559,0
2026-05-12 01:00:00,81545.2,81615.67,80714.28,81199.18,866.00547,0
2026-05-12 02:00:00,81199.18,81332.29,81087.63,81249.93,386.77691,0
2026-05-12 03:00:00,81249.93,81294.42,81024.41,81058.8,187.87319,0
2026-05-12 04:00:00,81058.79,81303.99,81000.0,81240.01,398.28206,0
2026-05-12 05:00:00,81240.01,81305.24,81181.56,81224.03,329.93857,0
2026-05-12 06:00:00,81224.04,81300.0,81010.01,81022.44,448.36294,0
2026-05-12 07:00:00,81022.44,81137.27,80800.77,80865.4,603.31882,0
2026-05-12 08:00:00,80865.4,80964.13,80760.53,80843.31,478.61372,0
2026-05-12 09:00:00,80843.3,80963.35,80720.0,80837.15,506.71585,0
2026-05-12 10:00:00,80837.15,80848.27,80601.27,80666.37,487.71377,0
2026-05-12 11:00:00,80666.38,80785.38,80496.57,80784.87,500.02112,0
2026-05-12 12:00:00,80784.86,80999.0,80619.19,80881.26,585.87948,0
2026-05-12 13:00:00,80881.25,80928.26,80397.07,80466.91,795.94705,0
2026-05-12 14:00:00,80466.91,80888.01,80397.88,80540.0,865.59094,0
2026-05-12 15:00:00,80540.0,80676.78,80188.65,80336.01,958.32005,0
2026-05-12 16:00:00,80336.01,80435.99,79843.59,80000.01,1473.4545,0
2026-05-12 17:00:00,80000.01,80593.06,79951.05,80527.69,486.64257,0
2026-05-12 18:00:00,80527.69,80763.81,80430.0,80679.12,367.3581,0
2026-05-12 19:00:00,80679.11,80874.42,80679.11,80834.64,346.22158,0
2026-05-12 20:00:00,80835.3,80896.25,80642.85,80696.87,292.49967,0
2026-05-12 21:00:00,80696.87,80738.0,80497.0,80587.44,202.53849,0
2026-05-12 22:00:00,80587.45,80791.94,80587.45,80656.43,151.10909,0
2026-05-12 23:00:00,80656.44,80714.0,80439.91,80504.47,247.40723,0
2026-05-13 00:00:00,80504.47,80768.95,80412.15,80718.0,230.81443,0
2026-05-13 01:00:00,80718.0,81195.69,80683.12,81006.0,633.76198,0
2026-05-13 02:00:00,81005.99,81281.66,80934.69,81050.0,333.93602,0
2026-05-13 03:00:00,81050.0,81299.99,80976.27,81249.99,377.40594,0
2026-05-13 04:00:00,81249.99,81281.07,81124.87,81231.96,253.70329,0
2026-05-13 05:00:00,81231.96,81247.22,80999.99,81019.99,266.87053,0
2026-05-13 06:00:00,81020.0,81160.36,80972.94,80980.05,499.1653,0
2026-05-13 07:00:00,80980.06,81049.01,80889.12,81026.92,476.02435,0
2026-05-13 08:00:00,81026.92,81200.0,80943.63,81196.57,372.92514,0
2026-05-13 09:00:00,81196.57,81324.64,81137.77,81291.38,435.50222,0
2026-05-13 10:00:00,81291.37,81298.5,80809.01,80809.01,364.76288,0
2026-05-13 11:00:00,80809.01,80843.87,80494.98,80501.22,668.09274,0
2026-05-13 12:00:00,80501.22,80592.65,79852.0,80202.78,1194.36751,0
2026-05-13 13:00:00,80202.78,80345.45,79576.47,79656.01,1205.27854,0
2026-05-13 14:00:00,79656.01,79898.0,79481.56,79756.01,942.38578,0
2026-05-13 15:00:00,79756.02,79856.08,78807.22,78827.21,1731.43058,0
2026-05-13 16:00:00,78827.21,79222.22,78754.65,79108.39,1522.11383,0
2026-05-13 17:00:00,79108.39,79556.36,79100.0,79514.97,611.40519,0
2026-05-13 18:00:00,79514.97,79800.0,79514.97,79598.15,747.58594,0
2026-05-13 19:00:00,79598.15,79646.29,79400.0,79642.41,463.49581,0
2026-05-13 20:00:00,79642.41,79760.0,79622.7,79698.95,225.22286,0
2026-05-13 21:00:00,79698.95,79705.73,79340.39,79398.54,418.00056,0
2026-05-13 22:00:00,79398.54,79470.0,79228.0,79428.46,338.28664,0
2026-05-13 23:00:00,79428.46,79499.01,79233.83,79313.61,497.51837,0
2026-05-14 00:00:00,79313.61,79681.73,79308.0,79580.0,443.66772,0
2026-05-14 01:00:00,79580.0,79681.73,79409.42,79604.6,369.48629,0
2026-05-14 02:00:00,79604.61,79676.11,79222.22,79370.24,684.03959,0
2026-05-14 03:00:00,79370.24,79460.0,78922.0,79044.85,712.36112,0
2026-05-14 04:00:00,79044.86,79474.41,78982.06,79451.63,437.35487,0
2026-05-14 05:00:00,79451.62,79998.0,79359.49,79809.16,850.16622,0
2026-05-14 06:00:00,79809.15,79953.35,79769.12,79804.71,301.13354,0
2026-05-14 07:00:00,79804.72,79937.59,79702.05,79745.98,480.32483,0
2026-05-14 08:00:00,79745.99,79936.98,79644.44,79821.56,652.77033,0
2026-05-14 09:00:00,79821.55,79905.99,79569.81,79635.52,445.75367,0
2026-05-14 10:00:00,79635.53,79756.98,79409.42,79570.01,384.95969,0
2026-05-14 11:00:00,79570.01,79600.0,79234.0,79258.27,362.97846,0
2026-05-14 12:00:00,79258.27,79775.02,79230.31,79767.11,526.41242,0
2026-05-14 13:00:00,79767.1,80059.71,79670.88,79701.73,1000.54213,0
2026-05-14 14:00:00,79701.73,81020.0,79561.52,80964.85,1882.78042,0
2026-05-14 15:00:00,80964.84,81332.23,80816.08,81301.23,2292.36231,0
2026-05-14 16:00:00,81301.22,81904.44,81080.25,81888.4,2732.81932,0
2026-05-14 17:00:00,81888.4,82048.13,81271.0,81668.48,1967.47911,0
2026-05-14 18:00:00,81668.49,81949.15,81440.38,81581.99,1012.7972,0
2026-05-14 19:00:00,81582.0,81718.73,81330.12,81419.74,566.84044,0
2026-05-14 20:00:00,81419.75,81590.19,81166.22,81412.04,471.62836,0
2026-05-14 21:00:00,81412.05,81526.08,81268.38,81396.61,292.07185,0
2026-05-14 22:00:00,81396.61,81559.71,81335.48,81456.0,322.84736,0
2026-05-14 23:00:00,81456.0,81456.0,81059.93,81089.99,534.29082,0
2026-05-15 00:00:00,81090.0,81664.45,81068.52,81518.67,578.5498,0
2026-05-15 01:00:00,81518.66,81612.73,81106.2,81131.01,538.82284,0
2026-05-15 02:00:00,81131.0,81350.0,80750.0,81299.14,829.4016,0
2026-05-15 03:00:00,81299.14,81340.81,80930.82,81059.15,506.95135,0
2026-05-15 04:00:00,81059.15,81100.0,80709.09,80724.71,367.57246,0
2026-05-15 05:00:00,80724.71,80882.45,80314.0,80360.01,1029.21412,0
2026-05-15 06:00:00,80360.01,80644.5,80314.01,80580.0,815.53271,0
2026-05-15 07:00:00,80580.0,81003.37,80559.88,80814.88,878.78211,0
2026-05-15 08:00:00,80814.88,80822.95,80415.84,80638.0,538.63644,0
2026-05-15 09:00:00,80638.0,80670.51,80369.0,80489.8,471.66166,0
2026-05-15 10:00:00,80489.81,80776.33,80407.6,80716.23,444.96934,0
2026-05-15 11:00:00,80716.22,80750.56,80590.08,80628.53,250.99223,0
2026-05-15 12:00:00,80628.52,80635.44,80340.83,80385.11,535.00082,0
2026-05-15 13:00:00,80385.1,80385.11,78698.69,78758.59,3101.88518,0
2026-05-15 14:00:00,78758.59,79353.32,78659.0,79150.37,1965.21031,0
2026-05-15 15:00:00,79150.36,79369.36,79013.81,79150.27,606.4731,0
2026-05-15 16:00:00,79150.26,79382.3,79131.01,79294.31,514.78679,0
2026-05-15 17:00:00,79294.31,79504.83,79224.0,79460.0,478.80422,0
2026-05-15 18:00:00,79460.0,79561.94,79170.47,79284.0,544.01093,0
2026-05-15 19:00:00,79284.01,79290.0,79051.0,79146.5,421.75884,0
2026-05-15 20:00:00,79146.5,79217.07,79000.0,79123.12,224.44355,0
2026-05-15 21:00:00,79123.13,79200.0,78911.42,78973.5,682.32127,0
2026-05-15 22:00:00,78973.5,79145.44,78973.49,79107.38,347.86808,0
2026-05-15 23:00:00,79107.38,79161.86,79077.96,79113.21,677.62104,0
2026-05-16 00:00:00,79113.2,79227.77,79075.09,79111.92,314.0124,0
2026-05-16 01:00:00,79111.92,79186.05,79010.0,79168.0,357.20294,0
2026-05-16 02:00:00,79168.0,79211.77,79080.1,79155.54,208.30505,0
2026-05-16 03:00:00,79155.55,79187.71,79059.77,79083.18,368.66241,0
2026-05-16 04:00:00,79083.19,79129.71,78860.0,79035.26,321.76822,0
2026-05-16 05:00:00,79035.25,79039.49,78933.63,79027.37,183.05543,0
2026-05-16 06:00:00,79027.36,79047.94,78459.87,78648.0,632.26156,0
2026-05-16 07:00:00,78648.0,78651.63,78066.0,78369.77,1267.74437,0
2026-05-16 08:00:00,78369.78,78530.52,78334.21,78426.56,379.04319,0
2026-05-16 09:00:00,78426.55,78440.81,77906.1,78083.48,1104.4311,0
2026-05-16 10:00:00,78083.47,78101.43,77640.0,77960.0,1759.70594,0
2026-05-16 11:00:00,77959.99,78193.88,77959.99,78081.71,602.9198,0
2026-05-16 12:00:00,78080.46,78133.38,77918.62,78007.23,791.53177,0
2026-05-16 13:00:00,78007.24,78014.6,77833.4,78014.6,830.86287,0
2026-05-16 14:00:00,78014.6,78346.0,77895.2,78130.55,729.04785,0
2026-05-16 15:00:00,78130.55,78285.0,78078.22,78238.67,332.91477,0
2026-05-16 16:00:00,78238.68,78364.65,78119.72,78205.96,328.10255,0
2026-05-16 17:00:00,78205.96,78320.41,78199.0,78201.5,350.20669,0
2026-05-16 18:00:00,78201.5,78327.75,78142.99,78229.81,310.63405,0
2026-05-16 19:00:00,78229.82,78314.69,78204.22,78259.66,271.10252,0
2026-05-16 20:00:00,78259.67,78318.94,78201.42,78261.0,194.3429,0
2026-05-16 21:00:00,78261.0,78308.33,78206.85,78265.73,237.27188,0
2026-05-16 22:00:00,78265.73,78279.28,78171.02,78186.25,128.79242,0
2026-05-16 23:00:00,78186.25,78267.46,78125.32,78148.05,128.93924,0
2026-05-17 00:00:00,78148.05,78243.19,77812.0,77945.85,311.59646,0
2026-05-17 01:00:00,77945.85,78114.0,77721.19,77725.71,516.53667,0
2026-05-17 02:00:00,77725.72,77938.0,77725.71,77895.51,256.64293,0
2026-05-17 03:00:00,77895.5,78079.3,77888.0,78028.88,200.15322,0
2026-05-17 04:00:00,78028.88,78203.93,78003.35,78158.09,375.99093,0
2026-05-17 05:00:00,78158.08,78323.96,78102.42,78121.41,258.98839,0
2026-05-17 06:00:00,78121.41,78204.01,78017.0,78104.8,136.86954,0
2026-05-17 07:00:00,78104.79,78208.69,78053.79,78180.01,180.24659,0
2026-05-17 08:00:00,78180.0,78200.91,78033.01,78089.8,117.37418,0
2026-05-17 09:00:00,78089.8,78293.97,78073.52,78249.33,196.43485,0
2026-05-17 10:00:00,78249.33,78599.99,78249.03,78465.99,564.92985,0
2026-05-17 11:00:00,78465.99,78473.82,78289.0,78415.99,257.4445,0
2026-05-17 12:00:00,78415.99,78550.0,78333.8,78364.83,254.43689,0
2026-05-17 13:00:00,78364.83,78364.83,78173.15,78202.91,260.27625,0
2026-05-17 14:00:00,78202.91,78217.33,77850.0,78051.51,397.56893,0
2026-05-17 15:00:00,78051.51,78119.42,77920.76,78051.41,203.63392,0
2026-05-17 16:00:00,78051.42,78193.66,78025.23,78034.36,142.87987,0
2026-05-17 17:00:00,78034.37,78092.44,77856.69,78089.98,296.4389,0
2026-05-17 18:00:00,78089.99,78271.59,78014.33,78268.05,172.43416,0
2026-05-17 19:00:00,78268.04,78468.46,78209.96,78415.3,225.32283,0
2026-05-17 20:00:00,78415.29,78435.32,78248.8,78277.36,205.39109,0
2026-05-17 21:00:00,78277.36,78485.36,78243.5,78405.72,293.90051,0
2026-05-17 22:00:00,78405.72,78414.16,77830.0,77997.24,585.78673,0
2026-05-17 23:00:00,77997.24,78008.18,76735.16,77457.67,2031.42401,0
2026-05-18 00:00:00,77457.67,77477.99,76916.6,77209.95,1062.83033,0
2026-05-18 01:00:00,77209.95,77291.54,76744.95,77109.22,771.47833,0
2026-05-18 02:00:00,77109.21,77222.03,76707.61,76835.41,544.67309,0
2026-05-18 03:00:00,76835.41,77030.42,76817.14,76924.65,509.0298,0
2026-05-18 04:00:00,76924.66,77069.77,76772.01,77038.49,354.48166,0
2026-05-18 05:00:00,77038.49,77080.93,76884.33,76931.4,586.83852,0
2026-05-18 06:00:00,76931.4,76967.8,76583.33,76912.52,621.71728,0
2026-05-18 07:00:00,76912.53,77089.29,76771.53,77073.69,1139.6298,0
2026-05-18 08:00:00,77073.69,77181.88,76890.34,77040.42,562.21651,0
2026-05-18 09:00:00,77040.43,77048.14,76877.17,76933.16,365.74952,0
2026-05-18 10:00:00,76933.17,76957.35,76716.99,76764.74,432.20236,0
2026-05-18 11:00:00,76764.75,77403.48,76668.58,77285.83,692.38548,0
2026-05-18 12:00:00,77285.83,77800.0,77275.96,77639.98,980.76582,0
2026-05-18 13:00:00,77639.99,77639.99,76695.31,76937.7,1116.5633,0
2026-05-18 14:00:00,76937.7,76954.25,76230.02,76393.65,2158.59337,0
2026-05-18 15:00:00,76393.66,76485.29,76051.0,76409.46,1960.17489,0
2026-05-18 16:00:00,76409.46,76665.68,76218.0,76410.01,1252.9383,0
2026-05-18 17:00:00,76410.0,76757.21,76366.13,76706.39,450.87486,0
2026-05-18 18:00:00,76706.38,76706.38,76144.24,76252.5,779.57136,0
2026-05-18 19:00:00,76252.01,76995.0,76235.0,76928.0,812.47229,0
2026-05-18 20:00:00,76928.0,77182.14,76874.73,76909.92,463.85785,0
2026-05-18 21:00:00,76909.92,77174.23,76800.0,77103.05,491.7356,0
2026-05-18 22:00:00,77103.04,77222.79,76937.19,77078.22,359.68174,0
2026-05-18 23:00:00,77078.22,77160.79,76948.8,77001.87,275.05472,0
2026-05-19 00:00:00,77001.88,77414.62,76955.99,77140.87,556.43712,0
2026-05-19 01:00:00,77140.86,77156.2,76667.0,76667.01,769.46148,0
2026-05-19 02:00:00,76667.01,76997.33,76487.83,76617.47,469.02583,0
2026-05-19 03:00:00,76617.46,76867.23,76586.11,76787.11,211.83571,0
2026-05-19 04:00:00,76787.1,76943.75,76700.0,76927.25,239.72033,0
2026-05-19 05:00:00,76927.25,77000.0,76644.98,76911.24,392.43215,0
2026-05-19 06:00:00,76911.25,77108.68,76886.13,77029.4,386.11356,0
2026-05-19 07:00:00,77029.41,77278.57,76974.72,77233.69,490.1935,0
2026-05-19 08:00:00,77233.68,77317.02,76972.96,77048.71,465.92336,0
2026-05-19 09:00:00,77048.72,77074.05,76709.29,76818.8,385.08727,0
2026-05-19 10:00:00,76818.8,77103.97,76704.0,77041.87,464.38738,0
2026-05-19 11:00:00,77041.87,77076.53,76633.83,76714.62,430.29111,0
2026-05-19 12:00:00,76714.61,76982.89,76650.06,76940.21,257.11004,0
2026-05-19 13:00:00,76940.2,77048.72,76596.0,76872.75,906.63403,0
2026-05-19 14:00:00,76872.74,77023.75,76144.71,76392.43,1426.24149,0
2026-05-19 15:00:00,76392.43,76675.76,76337.97,76521.23,773.78391,0
2026-05-19 16:00:00,76521.24,76911.0,76407.72,76894.59,568.91388,0
2026-05-19 17:00:00,76894.59,77015.41,76759.39,76856.76,442.15826,0
2026-05-19 18:00:00,76856.76,76947.2,76744.8,76803.28,282.19478,0
2026-05-19 19:00:00,76803.28,77065.8,76765.14,76818.74,341.73224,0
2026-05-19 20:00:00,76818.73,77040.24,76818.73,77022.23,147.68289,0
2026-05-19 21:00:00,77022.22,77040.83,76973.76,76982.34,185.29058,0
2026-05-19 22:00:00,76982.34,76982.34,76642.95,76712.21,233.07768,0
2026-05-19 23:00:00,76712.22,76980.07,76670.52,76834.36,199.1312,0
2026-05-20 00:00:00,76834.36,76896.5,76516.74,76788.83,236.25061,0
2026-05-20 01:00:00,76788.83,76922.46,76536.59,76820.98,358.53384,0
2026-05-20 02:00:00,76820.98,76909.62,76600.0,76690.42,293.25018,0
2026-05-20 03:00:00,76690.42,76829.61,76604.99,76723.54,673.76637,0
2026-05-20 04:00:00,76723.55,76836.82,76692.0,76780.37,365.31048,0
2026-05-20 05:00:00,76780.37,77320.0,76780.37,77196.99,973.23466,0
2026-05-20 06:00:00,77196.99,77422.0,77179.93,77414.11,528.12463,0
2026-05-20 07:00:00,77414.1,77472.21,77241.13,77282.64,351.42212,0
2026-05-20 08:00:00,77282.65,77635.52,77210.33,77458.04,548.89961,0
2026-05-20 09:00:00,77458.05,77543.59,77365.94,77485.13,360.90275,0
2026-05-20 10:00:00,77485.14,77663.0,77485.14,77517.45,409.79863,0
2026-05-20 11:00:00,77517.46,77569.1,77328.2,77382.49,362.81092,0
2026-05-20 12:00:00,77382.5,77748.05,77365.52,77617.26,377.41047,0
2026-05-20 13:00:00,77617.26,77650.62,76968.05,77204.61,682.21238,0
2026-05-20 14:00:00,77204.61,77574.29,76891.61,77446.08,1202.39421,0
2026-05-20 15:00:00,77446.01,77853.04,77300.0,77455.46,777.75101,0
2026-05-20 16:00:00,77455.45,77557.0,77018.38,77338.6,407.4641,0
2026-05-20 17:00:00,77338.6,77713.66,77230.86,77568.95,501.34929,0
2026-05-20 18:00:00,77568.95,77634.52,77398.63,77415.09,414.50917,0
2026-05-20 19:00:00,77415.09,77709.68,77350.71,77667.49,388.96569,0
2026-05-20 20:00:00,77667.49,77760.0,77476.19,77720.01,357.7103,0
2026-05-20 21:00:00,77720.01,77766.6,77500.0,77500.01,158.00627,0
2026-05-20 22:00:00,77500.01,77504.69,77226.61,77504.69,367.95652,0
2026-05-20 23:00:00,77504.69,77559.34,77386.93,77552.23,198.22886,0
2026-05-21 00:00:00,77552.24,78071.42,77525.0,77967.09,547.83434,0
2026-05-21 01:00:00,77967.09,78173.15,77800.0,77863.85,453.71737,0
2026-05-21 02:00:00,77863.85,78100.0,77820.1,77955.78,820.7986,0
2026-05-21 03:00:00,77955.78,78098.85,77908.0,78078.72,441.60659,0
2026-05-21 04:00:00,78078.72,78180.01,77965.36,78035.8,365.79347,0
2026-05-21 05:00:00,78035.8,78147.07,77714.94,77828.0,390.37362,0
2026-05-21 06:00:00,77828.0,77873.15,77533.45,77622.14,317.41875,0
2026-05-21 07:00:00,77622.14,77901.06,77521.0,77889.01,380.5065,0
2026-05-21 08:00:00,77889.01,78200.0,77885.53,77924.63,493.4737,0
2026-05-21 09:00:00,77924.63,77977.53,77633.02,77633.02,277.92731,0
2026-05-21 10:00:00,77633.03,77678.01,77190.09,77198.08,783.43483,0
2026-05-21 11:00:00,77198.09,77372.0,77147.15,77189.1,380.03818,0
2026-05-21 12:00:00,77189.1,77363.32,77080.72,77278.53,382.67307,0
2026-05-21 13:00:00,77278.52,77358.05,76719.47,77122.68,862.17497,0
2026-05-21 14:00:00,77122.67,77240.82,76788.8,76984.61,697.95187,0
2026-05-21 15:00:00,76984.61,77402.12,76900.0,77259.46,411.10449,0
2026-05-21 16:00:00,77259.45,77344.01,77008.75,77207.93,404.33559,0
2026-05-21 17:00:00,77207.92,78098.16,77181.83,77869.38,1291.96294,0
2026-05-21 18:00:00,77869.38,77922.01,77230.0,77387.74,559.91554,0
2026-05-21 19:00:00,77387.74,77802.51,77365.97,77690.56,437.10444,0
2026-05-21 20:00:00,77690.56,77804.75,77647.75,77705.81,144.76199,0
2026-05-21 21:00:00,77705.8,77813.35,77645.4,77672.29,182.97007,0
2026-05-21 22:00:00,77672.3,77750.61,77555.33,77628.0,130.38276,0
2026-05-21 23:00:00,77628.01,77745.39,77534.43,77615.52,159.99742,0
2026-05-22 00:00:00,77615.52,77628.38,77369.49,77373.57,228.62269,0
2026-05-22 01:00:00,77373.57,77673.5,77327.28,77616.0,252.86608,0
2026-05-22 02:00:00,77616.0,77728.01,77593.16,77673.36,244.81122,0
2026-05-22 03:00:00,77673.37,77817.8,77673.36,77779.98,158.00162,0
2026-05-22 04:00:00,77779.98,77900.0,77637.99,77655.42,475.76681,0
2026-05-22 05:00:00,77655.43,77726.0,77454.56,77489.0,344.3172,0
2026-05-22 06:00:00,77489.0,77525.85,77370.4,77423.41,542.83384,0
2026-05-22 07:00:00,77423.41,77543.38,77288.77,77408.06,393.92568,0
2026-05-22 08:00:00,77408.07,77535.0,77216.0,77267.38,509.65577,0
2026-05-22 09:00:00,77267.39,77360.0,77200.0,77307.11,276.32946,0
2026-05-22 10:00:00,77307.12,77363.01,77261.73,77312.0,275.0182,0
2026-05-22 11:00:00,77311.99,77430.55,77184.45,77428.84,375.5311,0
2026-05-22 12:00:00,77428.83,77584.94,77395.45,77533.9,317.41573,0
2026-05-22 13:00:00,77533.91,77547.56,77130.99,77290.01,419.18989,0
2026-05-22 14:00:00,77290.0,77290.0,76751.0,76774.23,1004.6619,0
2026-05-22 15:00:00,76774.23,77030.64,76570.0,76790.59,872.56913,0
2026-05-22 16:00:00,76790.6,77006.69,76767.0,76950.68,481.05047,0
2026-05-22 17:00:00,76950.67,77093.72,76750.0,76750.0,322.37426,0
2026-05-22 18:00:00,76750.01,76898.0,76101.0,76537.47,809.74159,0
2026-05-22 19:00:00,76537.47,76590.68,75668.76,75860.44,1201.88912,0
2026-05-22 20:00:00,75860.44,76080.95,75826.0,75984.47,415.32736,0
2026-05-22 21:00:00,75984.47,76087.85,75926.2,75978.83,349.85112,0
2026-05-22 22:00:00,75978.83,75978.84,75558.28,75737.52,473.52886,0
2026-05-22 23:00:00,75737.53,75881.18,75359.18,75539.5,527.08224,0
2026-05-23 00:00:00,75539.5,75635.59,75220.0,75352.64,828.38332,0
2026-05-23 01:00:00,75352.64,75500.0,75350.0,75489.84,466.00374,0
2026-05-23 02:00:00,75489.83,75581.27,75417.56,75572.07,334.42834,0
2026-05-23 03:00:00,75572.07,75664.62,75563.33,75635.22,267.29386,0
2026-05-23 04:00:00,75635.22,75650.63,75507.01,75539.77,198.6031,0
2026-05-23 05:00:00,75539.77,75562.4,75469.89,75482.68,267.20559,0
2026-05-23 06:00:00,75482.68,75501.09,75394.54,75398.33,189.47214,0
2026-05-23 07:00:00,75398.33,75443.44,74289.6,74609.36,2035.70931,0
2026-05-23 08:00:00,74609.37,74746.67,74303.56,74684.3,963.9472,0
2026-05-23 09:00:00,74684.29,74752.45,74624.5,74656.91,431.5071,0
2026-05-23 10:00:00,74656.91,74797.01,74656.91,74705.0,625.72233,0
2026-05-23 11:00:00,74705.0,74873.55,74704.99,74789.99,487.9196,0
2026-05-23 12:00:00,74789.99,74798.41,74660.05,74753.93,570.81814,0
2026-05-23 13:00:00,74753.94,75262.86,74753.93,75213.9,815.89889,0
2026-05-23 14:00:00,75213.9,75726.3,75108.15,75537.72,922.06012,0
2026-05-23 15:00:00,75537.73,75676.0,75405.4,75520.0,634.72295,0
2026-05-23 16:00:00,75519.99,75638.62,75415.17,75444.7,411.95204,0
2026-05-23 17:00:00,75444.71,75522.0,75371.72,75488.18,566.20129,0
2026-05-23 18:00:00,75488.17,75986.24,75472.04,75845.82,429.21806,0
2026-05-23 19:00:00,75845.82,76012.22,75780.9,75983.45,364.9012,0
2026-05-23 20:00:00,75983.45,77300.0,75953.94,77287.58,1242.58285,0
2026-05-23 21:00:00,77286.08,77404.18,76538.04,76804.99,1147.59506,0
2026-05-23 22:00:00,76805.0,76885.0,76396.06,76584.45,464.30329,0
2026-05-23 23:00:00,76584.45,76822.0,76538.36,76752.01,420.43862,0
2026-05-24 00:00:00,76752.0,76930.65,76629.02,76835.16,392.54327,0
2026-05-24 01:00:00,76835.16,76921.45,76754.53,76890.04,225.24128,0
2026-05-24 02:00:00,76890.04,76968.04,76704.32,76830.0,185.87406,0
2026-05-24 03:00:00,76830.01,77011.62,76738.5,76750.0,248.04543,0
2026-05-24 04:00:00,76750.01,76858.26,76730.0,76786.5,163.64327,0
2026-05-24 05:00:00,76786.5,76861.78,76651.59,76822.23,202.16815,0
2026-05-24 06:00:00,76822.23,77065.94,76716.02,76987.58,257.8917,0
2026-05-24 07:00:00,76987.58,77014.24,76786.2,76799.99,193.96514,0
2026-05-24 08:00:00,76799.99,76861.77,76734.42,76830.69,226.94949,0
2026-05-24 09:00:00,76830.69,77046.67,76821.86,77020.53,369.92973,0
2026-05-24 10:00:00,77020.54,77543.15,76927.04,77190.74,863.69953,0
2026-05-24 11:00:00,77190.73,77356.62,77190.73,77320.06,285.66801,0
2026-05-24 12:00:00,77320.06,77325.72,77044.73,77118.73,271.94108,0
2026-05-24 13:00:00,77118.72,77127.54,76688.89,76802.23,474.39799,0
2026-05-24 14:00:00,76802.23,76840.01,76195.36,76465.16,837.87651,0
2026-05-24 15:00:00,76465.15,76539.38,76362.78,76371.59,398.04105,0
2026-05-24 16:00:00,76371.59,76734.3,76371.59,76671.7,359.46109,0
2026-05-24 17:00:00,76671.69,76799.99,76566.15,76693.34,249.31214,0
2026-05-24 18:00:00,76693.34,76788.01,76596.0,76665.73,148.14196,0
2026-05-24 19:00:00,76665.72,76783.51,76611.17,76773.34,125.12918,0
2026-05-24 20:00:00,76773.33,76796.18,76596.37,76668.4,560.38206,0
2026-05-24 21:00:00,76668.41,76748.12,76108.0,76151.14,497.80071,0
2026-05-24 22:00:00,76151.14,77012.01,76132.0,76803.99,543.11534,0
2026-05-24 23:00:00,76803.99,77225.97,76803.99,77064.96,316.78339,0
2026-05-25 00:00:00,77064.96,77288.0,77064.95,77153.01,281.30951,0
2026-05-25 01:00:00,77153.01,77245.67,76914.25,76945.27,574.42489,0
2026-05-25 02:00:00,76945.28,77485.0,76945.28,77108.77,313.96478,0
2026-05-25 03:00:00,77108.77,77169.88,77002.3,77026.67,198.70522,0
2026-05-25 04:00:00,77026.68,77450.0,76990.78,77391.07,251.77406,0
2026-05-25 05:00:00,77391.07,77498.0,77324.0,77407.0,306.77798,0
2026-05-25 06:00:00,77406.99,77650.0,77222.22,77419.87,413.85927,0
2026-05-25 07:00:00,77419.87,77520.0,77184.62,77401.12,376.11814,0
2026-05-25 08:00:00,77401.11,77469.64,77280.32,77456.94,352.6298,0
2026-05-25 09:00:00,77456.94,77699.97,77425.17,77604.56,369.10396,0
2026-05-25 10:00:00,77604.56,77681.37,77490.37,77545.65,283.53522,0
2026-05-25 11:00:00,77545.65,77545.65,77333.33,77357.5,209.17805,0
2026-05-25 12:00:00,77357.5,77440.46,77286.5,77367.98,261.28583,0
2026-05-25 13:00:00,77367.98,77450.0,77286.5,77341.05,199.52985,0
2026-05-25 14:00:00,77341.05,77773.69,77304.84,77714.0,603.07815,0
2026-05-25 15:00:00,77713.99,77905.52,77557.0,77628.82,499.50313,0
2026-05-25 16:00:00,77628.82,77807.29,77508.88,77735.69,342.64397,0
2026-05-25 17:00:00,77735.69,77804.48,77550.39,77564.01,278.21782,0
2026-05-25 18:00:00,77564.0,77658.01,77543.38,77543.39,204.7646,0
2026-05-25 19:00:00,77543.39,77543.39,77343.61,77441.86,295.53937,0
2026-05-25 20:00:00,77441.85,77500.0,77220.0,77273.06,314.11527,0
2026-05-25 21:00:00,77273.06,77396.08,77273.05,77367.03,183.92616,0
2026-05-25 22:00:00,77367.03,77449.94,77019.82,77116.21,395.72227,0
2026-05-25 23:00:00,77116.21,77367.44,77072.36,77322.01,162.61467,0
2026-05-26 00:00:00,77322.01,77345.0,76575.49,76792.71,686.17714,0
2026-05-26 01:00:00,76792.24,76888.01,76590.9,76756.98,342.05131,0
2026-05-26 02:00:00,76756.98,76810.0,76512.98,76660.0,721.43857,0
2026-05-26 03:00:00,76660.0,76705.71,76475.59,76664.01,396.14567,0
2026-05-26 04:00:00,76664.0,76817.28,76606.79,76749.5,392.59093,0
2026-05-26 05:00:00,76749.51,76989.23,76704.8,76930.01,556.0432,0
2026-05-26 06:00:00,76930.0,77059.74,76775.0,76908.01,658.30833,0
2026-05-26 07:00:00,76908.0,76924.55,76603.73,76730.84,436.26184,0
2026-05-26 08:00:00,76730.84,76852.01,76693.21,76726.37,246.06951,0
2026-05-26 09:00:00,76726.37,76804.0,76649.79,76672.19,350.5237,0
2026-05-26 10:00:00,76672.2,77621.75,76586.94,77430.0,897.13516,0
2026-05-26 11:00:00,77430.0,77516.93,77174.94,77183.55,403.26795,0
2026-05-26 12:00:00,77183.56,77232.52,76877.94,77132.5,402.68245,0
2026-05-26 13:00:00,77132.51,77464.01,76691.88,77231.56,659.9668,0
2026-05-26 14:00:00,77231.56,78080.0,76724.63,76908.01,2020.17697,0
2026-05-26 15:00:00,76908.01,77012.0,76272.63,76518.1,1751.25838,0
2026-05-26 16:00:00,76518.1,76710.01,76209.58,76558.0,2070.02098,0
2026-05-26 17:00:00,76558.0,76649.91,75850.0,75935.08,1190.65802,0
2026-05-26 18:00:00,75935.09,76273.66,75779.3,75840.55,846.30902,0
2026-05-26 19:00:00,75840.55,76104.49,75805.23,76052.0,581.71052,0
2026-05-26 20:00:00,76052.0,76180.0,75982.64,76106.86,324.41575,0
2026-05-26 21:00:00,76106.86,76117.31,75850.0,75890.0,275.58323,0
2026-05-26 22:00:00,75890.0,75998.94,75677.97,75749.02,428.12169,0
2026-05-26 23:00:00,75749.02,75986.45,75749.02,75930.01,316.55917,0
2026-05-27 00:00:00,75930.01,76089.7,75872.71,76085.01,780.41682,0
2026-05-27 01:00:00,76085.0,76104.02,75824.0,75877.44,573.72878,0
2026-05-27 02:00:00,75877.44,75890.59,75682.99,75879.0,437.25803,0
2026-05-27 03:00:00,75879.01,75966.91,75607.62,75683.0,612.84746,0
2026-05-27 04:00:00,75683.0,75706.77,75310.9,75579.01,817.05359,0
2026-05-27 05:00:00,75579.01,75739.36,75579.0,75697.99,490.56114,0
2026-05-27 06:00:00,75697.99,75900.0,75690.01,75838.65,482.86494,0
2026-05-27 07:00:00,75838.65,75980.0,75764.0,75977.17,433.92885,0
2026-05-27 08:00:00,75977.16,76071.41,75843.02,75873.24,308.77238,0
2026-05-27 09:00:00,75873.25,75978.01,75710.76,75912.6,294.26595,0
2026-05-27 10:00:00,75912.61,76043.94,75880.0,75909.82,372.61961,0
2026-05-27 11:00:00,75909.82,76029.24,75754.1,75769.18,316.01081,0
2026-05-27 12:00:00,75769.18,76174.15,75575.75,75688.0,621.24106,0
2026-05-27 13:00:00,75688.01,75760.0,74866.18,75073.4,2200.23684,0
2026-05-27 14:00:00,75073.4,75274.11,74758.33,75031.92,1567.20208,0
2026-05-27 15:00:00,75031.92,75502.29,74983.77,75326.01,797.5234,0
2026-05-27 16:00:00,75326.02,75408.01,75000.0,75304.01,632.49097,0
2026-05-27 17:00:00,75304.01,75344.01,74685.58,74860.42,1103.99219,0
2026-05-27 18:00:00,74860.42,75032.01,74663.45,75026.67,549.25309,0
2026-05-27 19:00:00,75026.67,75105.17,74952.36,75066.08,879.80197,0
2026-05-27 20:00:00,75066.09,75415.81,75056.25,75274.58,389.41476,0
2026-05-27 21:00:00,75274.58,75274.58,74341.76,74473.01,653.21971,0
2026-05-27 22:00:00,74473.01,74775.5,74260.91,74418.13,624.64107,0
2026-05-27 23:00:00,74418.12,74572.0,74243.99,74449.3,938.42933,0
2026-05-28 00:00:00,74449.31,74580.0,74366.89,74570.66,476.29695,0
2026-05-28 01:00:00,74570.67,74590.77,74156.0,74344.08,653.98384,0
2026-05-28 02:00:00,74344.07,74400.0,74127.57,74287.42,717.91596,0
2026-05-28 03:00:00,74287.43,74380.39,73060.59,73258.01,3879.74728,0
2026-05-28 04:00:00,73258.0,73260.01,72728.85,73181.95,1588.42564,0
2026-05-28 05:00:00,73181.95,73181.95,72908.67,72990.87,850.50171,0
2026-05-28 06:00:00,72990.87,73213.11,72761.11,73202.7,1248.76931,0
2026-05-28 07:00:00,73202.71,73512.14,73158.0,73498.0,1111.91354,0
2026-05-28 08:00:00,73498.0,73500.0,73193.13,73325.88,567.79073,0
2026-05-28 09:00:00,73325.88,73560.0,73261.6,73541.24,547.18862,0
2026-05-28 10:00:00,73541.25,73616.0,73349.91,73400.01,495.53335,0
2026-05-28 11:00:00,73400.01,73532.01,73319.36,73505.66,383.87102,0
2026-05-28 12:00:00,73505.65,73580.75,73245.56,73518.01,454.53291,0
2026-05-28 13:00:00,73518.01,73574.6,72771.64,73022.02,1277.58759,0
2026-05-28 14:00:00,73022.01,73573.21,72582.82,73033.06,2189.6201,0
2026-05-28 15:00:00,73033.06,73180.01,72700.0,72928.73,710.64433,0
2026-05-28 16:00:00,72928.73,73440.67,72741.4,73440.67,821.59668,0
2026-05-28 17:00:00,73440.66,73734.72,73316.31,73554.82,737.45631,0
2026-05-28 18:00:00,73554.81,73749.69,73514.57,73652.88,517.48323,0
2026-05-28 19:00:00,73652.87,73652.88,73381.81,73419.32,447.75042,0
2026-05-28 20:00:00,73419.31,73721.45,73241.48,73579.99,441.85746,0
2026-05-28 21:00:00,73580.0,73926.22,73560.45,73817.31,386.07817,0
2026-05-28 22:00:00,73817.31,73949.22,73448.55,73464.8,445.66881,0
2026-05-28 23:00:00,73464.8,73714.9,73464.79,73617.51,321.8063,0
2026-05-29 00:00:00,73617.52,73854.77,73617.51,73716.37,592.13944,0
2026-05-29 01:00:00,73716.37,73868.33,73463.52,73586.83,543.44041,0
2026-05-29 02:00:00,73586.83,73646.68,73189.11,73225.06,716.13416,0
2026-05-29 03:00:00,73225.07,73456.63,73225.07,73301.52,271.59006,0
2026-05-29 04:00:00,73301.53,73508.97,73210.21,73507.69,462.74907,0
2026-05-29 05:00:00,73507.68,73719.39,73500.0,73706.0,814.3098,0
2026-05-29 06:00:00,73706.0,73939.19,73641.05,73786.32,283.07172,0
2026-05-29 07:00:00,73786.32,73830.01,73373.37,73528.56,1081.6764,0
2026-05-29 08:00:00,73528.55,73835.58,73524.0,73653.4,690.03943,0
2026-05-29 09:00:00,73653.4,73902.85,73649.58,73744.96,506.90617,0
2026-05-29 10:00:00,73744.96,73749.53,73588.13,73634.64,583.75086,0
2026-05-29 11:00:00,73634.64,73700.41,73341.85,73487.98,417.09649,0
2026-05-29 12:00:00,73487.98,73487.98,73202.0,73295.73,419.42757,0
2026-05-29 13:00:00,73295.73,73346.04,72900.46,73135.7,883.40251,0
2026-05-29 14:00:00,73135.7,73198.17,72512.49,73096.85,1512.76179,0
2026-05-29 15:00:00,73096.84,74200.0,73008.98,73808.26,1809.3402,0
2026-05-29 16:00:00,73808.25,74124.73,73565.73,74056.5,1160.72957,0
2026-05-29 17:00:00,74056.49,74514.1,73925.33,73980.94,2917.46541,0
2026-05-29 18:00:00,73980.94,74065.29,73187.25,73374.52,1065.50146,0
2026-05-29 19:00:00,73374.51,73727.95,73239.36,73520.28,453.16949,0
2026-05-29 20:00:00,73520.29,73760.0,73514.0,73673.61,155.12213,0
2026-05-29 21:00:00,73673.62,73844.0,73408.8,73409.27,412.83689,0
2026-05-29 22:00:00,73409.27,73571.81,73379.79,73483.52,662.8477,0
2026-05-29 23:00:00,73483.51,73510.0,73320.0,73460.78,271.23268,0
2026-05-30 00:00:00,73460.78,73579.82,73408.62,73498.8,545.20652,0
2026-05-30 01:00:00,73498.8,73663.08,73472.8,73657.9,386.87772,0
2026-05-30 02:00:00,73657.9,73786.7,73613.85,73786.69,268.52358,0
2026-05-30 03:00:00,73786.7,73796.43,73524.01,73524.01,339.03494,0
2026-05-30 04:00:00,73524.01,73575.0,73216.0,73402.84,466.81865,0
2026-05-30 05:00:00,73402.85,73635.0,73346.85,73604.99,464.14797,0
2026-05-30 06:00:00,73604.99,73709.91,73530.0,73584.99,331.33867,0
2026-05-30 07:00:00,73584.99,73588.2,73486.0,73548.6,225.56478,0
2026-05-30 08:00:00,73548.6,73567.59,73500.02,73530.07,274.14087,0
2026-05-30 09:00:00,73530.07,73615.47,73503.07,73615.46,201.26346,0
2026-05-30 10:00:00,73615.46,73680.75,73592.57,73655.85,283.9706,0
2026-05-30 11:00:00,73655.85,73655.86,73564.62,73602.02,317.1037,0
2026-05-30 12:00:00,73602.01,73717.07,73594.4,73698.18,369.235,0
2026-05-30 13:00:00,73698.17,73837.06,73676.1,73829.31,249.39427,0
2026-05-30 14:00:00,73829.31,74100.0,73820.91,73929.11,565.07041,0
2026-05-30 15:00:00,73929.11,74042.88,73836.7,73930.14,301.39896,0
2026-05-30 16:00:00,73930.13,73985.84,73880.1,73934.99,193.46997,0
2026-05-30 17:00:00,73935.0,74047.26,73811.3,74020.07,308.74992,0
2026-05-30 18:00:00,74020.06,74143.76,73945.0,74043.38,188.56655,0
2026-05-30 19:00:00,74043.39,74072.0,73971.3,74016.65,145.42131,0
2026-05-30 20:00:00,74016.64,74016.65,73926.68,73979.84,104.9948,0
2026-05-30 21:00:00,73979.85,74054.0,73929.07,73981.99,224.4707,0
2026-05-30 22:00:00,73981.99,73982.0,73796.01,73883.3,391.66756,0
2026-05-30 23:00:00,73883.3,73995.98,73781.3,73884.38,368.97818,0
2026-05-31 00:00:00,73884.38,74041.72,73858.56,74038.2,241.35407,0
2026-05-31 01:00:00,74038.2,74275.66,74028.64,74058.01,363.47802,0
2026-05-31 02:00:00,74058.01,74243.94,73890.49,74090.84,304.8567,0
2026-05-31 03:00:00,74090.84,74226.78,74074.05,74150.64,189.87382,0
2026-05-31 04:00:00,74150.64,74221.33,74109.0,74178.4,194.38913,0
2026-05-31 05:00:00,74178.41,74207.2,74055.16,74055.98,231.70947,0
2026-05-31 06:00:00,74055.99,74109.39,73985.34,74054.87,141.21825,0
2026-05-31 07:00:00,74054.86,74054.87,73836.0,73871.24,302.07421,0
2026-05-31 08:00:00,73871.25,73980.0,73850.05,73937.61,348.32905,0
2026-05-31 09:00:00,73937.62,74024.0,73813.44,73841.79,323.04158,0
2026-05-31 10:00:00,73841.79,73900.0,73699.2,73900.0,400.29833,0
2026-05-31 11:00:00,73900.0,73972.0,73899.99,73937.79,178.9239,0
2026-05-31 12:00:00,73937.63,73995.88,73874.0,73920.0,222.22652,0
2026-05-31 13:00:00,73920.0,74023.99,73807.43,73872.8,178.44734,0
2026-05-31 14:00:00,73872.8,73872.8,73483.05,73602.17,681.72491,0
2026-05-31 15:00:00,73602.18,73775.79,73588.8,73655.21,266.93299,0
2026-05-31 16:00:00,73655.2,73730.0,73400.0,73526.14,319.75425,0
2026-05-31 17:00:00,73526.15,73734.0,73466.67,73709.44,195.46974,0
2026-05-31 18:00:00,73709.43,73713.34,73585.49,73603.69,214.37074,0
2026-05-31 19:00:00,73603.68,73649.93,73456.48,73563.42,255.80848,0
2026-05-31 20:00:00,73563.41,73760.0,73563.41,73739.66,381.5641,0
2026-05-31 21:00:00,73739.67,73924.0,73626.67,73892.52,391.01047,0
2026-05-31 22:00:00,73892.52,73997.56,73686.0,73944.62,284.29172,0
2026-05-31 23:00:00,73944.62,74198.0,73500.0,73674.39,375.30928,0
2026-06-01 00:00:00,73674.39,74092.0,73654.06,73885.0,366.4897,0
2026-06-01 01:00:00,73885.01,73916.01,73278.02,73292.92,464.54265,0
2026-06-01 02:00:00,73292.92,73892.52,73222.0,73790.0,506.50025,0
2026-06-01 03:00:00,73789.99,74019.58,73735.47,73769.06,460.44243,0
2026-06-01 04:00:00,73769.06,73841.37,73348.74,73536.01,335.64727,0
2026-06-01 05:00:00,73536.01,73541.48,73328.32,73350.0,404.19791,0
2026-06-01 06:00:00,73349.99,73368.0,72950.01,73135.74,740.28999,0
2026-06-01 07:00:00,73135.75,73203.85,72704.0,72818.0,833.64063,0
2026-06-01 08:00:00,72818.0,72921.38,72610.03,72902.65,751.49608,0
2026-06-01 09:00:00,72902.64,73095.64,72600.0,72880.0,2061.2162,0
2026-06-01 10:00:00,72880.0,72900.73,72592.27,72748.88,482.4874,0
2026-06-01 11:00:00,72748.88,72768.11,72290.0,72479.99,769.61036,0
2026-06-01 12:00:00,72480.0,72610.0,71902.98,72221.73,1854.73885,0
2026-06-01 13:00:00,72221.74,72243.52,71389.88,71711.89,3036.53496,0
2026-06-01 14:00:00,71711.89,71887.6,71363.43,71567.91,2060.71568,0
2026-06-01 15:00:00,71567.91,71677.55,71066.33,71129.62,1656.46415,0
2026-06-01 16:00:00,71129.62,71599.95,70686.68,71564.01,2820.57409,0
2026-06-01 17:00:00,71564.01,71800.73,71469.64,71646.01,999.45739,0
2026-06-01 18:00:00,71646.0,71687.28,71382.0,71498.64,667.35668,0
2026-06-01 19:00:00,71498.64,71666.0,71386.0,71595.24,432.84579,0
2026-06-01 20:00:00,71595.24,71690.0,71419.64,71446.0,273.2723,0
2026-06-01 21:00:00,71445.99,71449.98,70941.95,71038.01,573.85796,0
2026-06-01 22:00:00,71038.01,71460.0,70840.9,71408.0,770.63523,0
2026-06-01 23:00:00,71407.99,71583.29,71225.29,71408.9,598.07789,0
2026-06-02 00:00:00,71408.9,71408.9,71100.0,71289.23,677.70318,0
2026-06-02 01:00:00,71289.24,71372.0,70607.57,70652.47,1034.85247,0
2026-06-02 02:00:00,70652.47,70880.63,70111.0,70846.49,1320.1444,0
2026-06-02 03:00:00,70846.48,71041.04,70806.0,70953.69,492.94753,0
2026-06-02 04:00:00,70953.7,71048.0,70713.54,70810.0,489.36754,0
2026-06-02 05:00:00,70810.0,70847.66,70267.79,70268.96,832.11781,0
2026-06-02 06:00:00,70268.97,70442.0,69958.49,70106.31,1507.14949,0
2026-06-02 07:00:00,70106.31,70275.86,69733.0,70118.42,1388.79813,0
2026-06-02 08:00:00,70118.42,70172.0,69705.3,69821.99,944.6499,0
2026-06-02 09:00:00,69822.0,69849.0,69324.65,69426.01,1499.21853,0
2026-06-02 10:00:00,69426.01,69756.0,69336.98,69652.19,904.86792,0
2026-06-02 11:00:00,69652.18,69659.47,69397.83,69461.72,417.59402,0
2026-06-02 12:00:00,69461.73,69548.13,68989.61,69010.42,1382.26152,0
2026-06-02 13:00:00,69010.41,69180.0,68757.03,68811.91,1762.82906,0
2026-06-02 14:00:00,68809.93,68836.0,67617.85,68019.3,3845.79627,0
2026-06-02 15:00:00,68019.3,68094.6,67076.0,67304.28,2543.79469,0
2026-06-02 16:00:00,67304.29,68146.3,67228.45,67413.44,1789.92962,0
2026-06-02 17:00:00,67413.44,67837.53,67378.0,67492.34,905.8915,0
2026-06-02 18:00:00,67492.34,67661.7,67124.2,67341.99,926.14597,0
2026-06-02 19:00:00,67341.99,67498.0,66432.0,67315.14,2333.17121,0
2026-06-02 20:00:00,67315.14,67689.65,66911.2,67587.77,1637.61606,0
2026-06-02 21:00:00,67587.78,67923.24,67412.0,67566.01,765.53933,0
2026-06-02 22:00:00,67566.01,67566.01,66244.02,66385.2,1856.41667,0
2026-06-02 23:00:00,66385.2,66868.62,66193.0,66760.83,1599.39304,0
2026-06-03 00:00:00,66760.84,67204.15,66654.0,66938.01,1238.50805,0
2026-06-03 01:00:00,66938.01,67050.0,66472.65,66920.0,973.29949,0
2026-06-03 02:00:00,66920.0,66920.01,66586.17,66620.01,773.38787,0
2026-06-03 03:00:00,66620.0,66653.67,65426.34,65849.9,2891.72624,0
2026-06-03 04:00:00,65849.9,66623.44,65834.0,66465.98,1263.85794,0
2026-06-03 05:00:00,66465.99,67398.28,66465.99,67330.01,1773.95829,0
2026-06-03 06:00:00,67330.0,67516.0,66962.95,66983.27,1658.04956,0
2026-06-03 07:00:00,66983.27,67334.4,66872.01,67220.03,1003.46306,0
2026-06-03 08:00:00,67220.03,67264.34,66974.0,67028.0,1273.47385,0
2026-06-03 09:00:00,67028.01,67322.0,66656.48,67075.17,1438.06157,0
2026-06-03 10:00:00,67075.18,67476.69,67068.51,67294.52,639.46259,0
2026-06-03 11:00:00,67294.51,67366.82,67056.58,67067.37,489.69833,0
2026-06-03 12:00:00,67067.37,67163.82,66782.65,67078.72,856.74966,0
2026-06-03 13:00:00,67078.72,67244.62,66635.0,66906.01,1223.17247,0
2026-06-03 14:00:00,66906.0,66990.66,66643.96,66864.95,936.44379,0
2026-06-03 15:00:00,66864.95,66898.0,66076.0,66076.01,1521.34921,0
2026-06-03 16:00:00,66076.01,66373.18,65555.0,66061.83,1633.14277,0
2026-06-03 17:00:00,66061.83,66189.8,65704.8,65964.08,810.29365,0
2026-06-03 18:00:00,65964.08,66161.24,65744.01,66036.57,600.59221,0
2026-06-03 19:00:00,66036.56,66054.0,65251.0,65462.0,1198.70968,0
2026-06-03 20:00:00,65461.99,65614.74,64766.0,65007.27,1892.05101,0
2026-06-03 21:00:00,65007.27,65860.0,64960.87,65768.88,1254.10382,0
2026-06-03 22:00:00,65768.89,65841.23,64778.15,64912.98,974.52056,0
2026-06-03 23:00:00,64912.97,64979.99,64092.49,64142.75,1820.23083,0
2026-06-04 00:00:00,64142.75,64428.0,63000.0,63344.97,3512.79677,0
2026-06-04 01:00:00,63344.98,63500.0,62100.01,62178.1,4759.0413,0
2026-06-04 02:00:00,62178.1,63622.7,61383.56,63231.99,6283.29826,0
2026-06-04 03:00:00,63232.0,64540.3,63218.48,64363.49,2402.09774,0
2026-06-04 04:00:00,64363.49,64764.32,64265.73,64399.99,1421.62502,0
2026-06-04 05:00:00,64399.99,64400.0,63648.01,63955.47,1272.84935,0
2026-06-04 06:00:00,63955.48,64481.22,63892.0,64027.99,802.33437,0
2026-06-04 07:00:00,64027.99,64062.81,63492.89,63603.15,1503.87893,0
2026-06-04 08:00:00,63603.15,63904.63,63245.9,63629.99,1570.23316,0
2026-06-04 09:00:00,63629.99,63644.0,62703.33,63266.0,2329.3282,0
2026-06-04 10:00:00,63266.01,63276.0,62301.21,62420.0,3046.35677,0
2026-06-04 11:00:00,62420.01,62833.82,62205.0,62545.99,1649.57305,0
2026-06-04 12:00:00,62546.0,63966.48,62392.0,63766.82,1740.31399,0
2026-06-04 13:00:00,63766.82,64244.0,63068.41,64230.0,2087.69891,0
2026-06-04 14:00:00,64230.0,64494.92,63785.33,63958.97,1314.7717,0
2026-06-04 15:00:00,63958.97,64404.0,63691.7,63896.17,1043.20477,0
2026-06-04 16:00:00,63896.16,63920.0,63456.0,63563.51,778.5809,0
2026-06-04 17:00:00,63563.51,63722.0,62944.91,63540.97,1048.08269,0
2026-06-04 18:00:00,63540.96,64110.28,63149.76,63819.62,1198.01807,0
2026-06-04 19:00:00,63819.62,64163.93,63544.0,63629.38,699.04403,0
2026-06-04 20:00:00,63629.38,63653.2,63182.84,63638.4,753.64631,0
2026-06-04 21:00:00,63638.4,63876.0,63106.04,63286.21,982.36997,0
2026-06-04 22:00:00,63286.21,63772.0,63194.0,63735.43,816.54763,0
2026-06-04 23:00:00,63735.42,63918.0,63376.0,63885.99,561.48382,0
2026-06-05 00:00:00,63885.99,63978.0,63396.57,63426.72,799.55012,0
2026-06-05 01:00:00,63426.73,63566.0,63052.0,63374.67,974.10885,0
2026-06-05 02:00:00,63374.67,63436.0,62588.77,62617.72,1167.70132,0
2026-06-05 03:00:00,62617.72,62888.0,62339.0,62730.0,1221.6378,0
2026-06-05 04:00:00,62730.0,63646.0,62487.24,63615.23,1133.49083,0
2026-06-05 05:00:00,63615.22,63688.0,62278.0,62329.35,1503.31179,0
2026-06-05 06:00:00,62329.36,62634.53,61126.01,61946.57,5277.47749,0
2026-06-05 07:00:00,61946.57,63116.0,61378.38,63115.99,2819.14343,0
2026-06-05 08:00:00,63115.99,63120.98,62288.88,62454.64,1381.33567,0
2026-06-05 09:00:00,62454.64,63259.9,62442.0,62860.09,970.2531,0
2026-06-05 10:00:00,62860.09,62931.81,62375.0,62536.87,753.84533,0
2026-06-05 11:00:00,62536.87,62644.48,61964.98,61964.99,1191.72996,0
2026-06-05 12:00:00,61964.99,62457.86,61620.47,61959.73,1931.26312,0
2026-06-05 13:00:00,61959.72,62326.0,60732.35,60732.36,3644.72891,0
2026-06-05 14:00:00,60732.36,61227.98,60334.97,60868.97,4753.25938,0
2026-06-05 15:00:00,60868.98,61126.0,60000.0,60438.01,4471.76201,0
2026-06-05 16:00:00,60438.0,61547.24,59786.0,61394.39,5595.70288,0
2026-06-05 17:00:00,61394.38,61508.85,60660.0,60813.99,1735.74281,0
2026-06-05 18:00:00,60814.0,60950.0,59141.0,59395.99,3853.37743,0
2026-06-05 19:00:00,59396.0,60459.41,59130.91,60300.24,2562.76919,0
2026-06-05 20:00:00,60300.24,61787.01,59940.01,61620.01,2519.32621,0
2026-06-05 21:00:00,61620.01,62000.0,61444.2,61670.38,1754.60125,0
2026-06-05 22:00:00,61670.38,61966.0,61207.82,61584.49,1799.61028,0
2026-06-05 23:00:00,61584.49,61776.0,60518.0,61056.47,1211.55891,0
2026-06-06 00:00:00,61056.47,61530.05,61045.01,61273.29,769.28059,0
2026-06-06 01:00:00,61273.29,61380.0,60954.36,61058.95,701.07746,0
2026-06-06 02:00:00,61058.95,61176.0,60678.0,60951.64,778.33004,0
2026-06-06 03:00:00,60951.63,60966.86,60520.0,60687.04,696.39105,0
2026-06-06 04:00:00,60687.05,60866.0,59500.0,60101.27,2161.93035,0
2026-06-06 05:00:00,60101.28,61062.0,59621.22,60942.38,2141.23088,0
2026-06-06 06:00:00,60942.37,61276.95,60681.0,60786.96,2095.10137,0
2026-06-06 07:00:00,60786.96,61229.17,60733.14,61004.95,664.31126,0
2026-06-06 08:00:00,61004.95,61500.0,60884.0,61264.0,724.69988,0
2026-06-06 09:00:00,61264.0,61322.0,60875.55,60981.24,580.05282,0
2026-06-06 10:00:00,60981.24,60981.24,60198.0,60593.0,1404.76206,0
2026-06-06 11:00:00,60593.0,60968.0,60552.95,60802.91,764.0429,0
2026-06-06 12:00:00,60802.9,61185.26,60641.2,61030.63,669.86406,0
2026-06-06 13:00:00,61030.63,61100.0,60701.41,60801.2,565.41708,0
2026-06-06 14:00:00,60801.2,61016.0,60768.0,60791.05,409.85585,0
2026-06-06 15:00:00,60791.06,60929.2,60396.0,60784.0,646.3582,0
2026-06-06 16:00:00,60784.01,60971.24,60466.56,60774.0,524.00441,0
2026-06-06 17:00:00,60774.0,60844.0,60501.0,60576.2,599.85374,0
2026-06-06 18:00:00,60576.19,60754.74,60393.96,60637.21,975.00187,0
2026-06-06 19:00:00,60637.2,60786.0,60536.0,60600.01,348.13504,0
2026-06-06 20:00:00,60600.0,60756.0,60522.0,60711.69,328.01265,0
2026-06-06 21:00:00,60711.69,61000.0,60707.93,60751.21,311.33205,0
2026-06-06 22:00:00,60751.22,60818.0,60429.09,60543.53,374.15284,0
2026-06-06 23:00:00,60543.52,60942.75,60543.52,60884.62,562.39032,0
2026-06-07 00:00:00,60884.62,60987.99,60746.0,60782.01,680.4546,0
2026-06-07 01:00:00,60782.0,61664.13,60758.0,61479.75,1285.5692,0
2026-06-07 02:00:00,61479.75,61568.0,61184.0,61506.74,523.36778,0
2026-06-07 03:00:00,61506.73,61778.33,61416.1,61701.07,469.79753,0
2026-06-07 04:00:00,61701.06,61907.07,61482.46,61890.92,486.27163,0
2026-06-07 05:00:00,61890.92,62159.0,61647.0,61748.1,1139.66042,0
2026-06-07 06:00:00,61748.11,62272.0,61619.4,62101.0,1749.1221,0
2026-06-07 07:00:00,62101.01,62416.26,61983.46,62404.73,1528.1498,0
2026-06-07 08:00:00,62404.72,62960.0,62259.37,62855.01,2005.84536,0
2026-06-07 09:00:00,62855.0,62900.0,62374.63,62530.0,1248.753,0
2026-06-07 10:00:00,62530.0,62570.31,62298.39,62370.52,674.16526,0
2026-06-07 11:00:00,62370.53,62754.45,62359.44,62621.96,794.29873,0
2026-06-07 12:00:00,62621.97,62643.97,61577.12,61900.67,1957.0674,0
2026-06-07 13:00:00,61900.66,61907.64,61649.12,61700.13,1146.18923,0
2026-06-07 14:00:00,61700.14,62312.67,61696.98,61905.49,923.54392,0
2026-06-07 15:00:00,61905.49,62219.92,61674.51,62093.99,527.33835,0
2026-06-07 16:00:00,62093.99,62332.0,61966.0,62083.64,482.9603,0
2026-06-07 17:00:00,62083.64,62330.0,62046.62,62160.01,573.97699,0
2026-06-07 18:00:00,62160.01,62296.0,62022.0,62030.14,373.61361,0
2026-06-07 19:00:00,62030.15,62036.78,61184.0,61328.0,1046.65633,0
2026-06-07 20:00:00,61327.99,61962.47,61217.17,61878.01,569.10903,0
2026-06-07 21:00:00,61878.0,62017.71,61652.01,61778.41,374.19369,0
2026-06-07 22:00:00,61778.42,64234.68,61728.11,62865.87,4892.75492,0
2026-06-07 23:00:00,62865.87,63444.11,62803.42,63332.01,1159.24525,0
2026-06-08 00:00:00,63332.01,63863.06,63138.37,63631.42,1255.61981,0
2026-06-08 01:00:00,63631.43,63643.99,62720.86,63211.41,1129.10442,0
2026-06-08 02:00:00,63211.41,63260.0,62918.0,63129.93,502.88284,0
2026-06-08 03:00:00,63129.94,63458.0,62978.36,63130.12,427.85473,0
2026-06-08 04:00:00,63130.12,63171.1,62657.07,62684.61,553.63898,0
2026-06-08 05:00:00,62684.61,62825.27,62408.0,62764.0,674.10723,0
2026-06-08 06:00:00,62763.99,63144.0,62734.0,62988.03,629.53051,0
2026-06-08 07:00:00,62988.58,63350.0,62812.0,63283.99,976.9078,0
2026-06-08 08:00:00,63284.0,63284.0,62992.01,63093.83,470.37132,0
